Kategori1,Kategori2,Kategori3,Kategori4,Kategori5,Kategori6,Kategori7,Kategori8,Kategori9,Kategori10,Kategori11,Kategori12,Kategori13,userId
0,0,0,0,0,0,0,0,0,0,1,0,1,1419
0,0,0,1,0,0,0,0,0,0,0,0,0,4682
0,0,0,1,0,1,0,0,0,0,0,0,0,9927
0,1,1,0,0,0,0,0,0,0,0,1,0,4892
0,0,0,0,0,0,1,0,1,0,0,0,1,7979
0,0,1,0,0,0,0,0,0,0,1,1,0,8051
0,1,0,0,0,0,0,0,0,0,0,0,0,8826
0,1,1,0,0,0,0,0,0,0,0,0,0,2523
1,0,0,1,0,0,0,0,0,0,0,0,0,700
0,0,1,0,0,0,1,0,1,0,0,0,1,783
0,0,0,0,0,0,0,0,1,0,0,0,0,4444
0,0,1,0,0,0,1,0,0,0,1,0,1,190
0,1,0,0,1,1,0,0,0,0,0,0,1,7034
0,0,0,0,0,0,1,1,0,0,0,1,0,6786
1,0,0,0,1,0,0,0,0,0,1,0,0,428
0,0,0,0,1,0,0,0,0,0,0,0,0,5019
0,0,0,1,0,0,0,0,0,0,0,1,0,8041
0,0,0,0,0,0,0,1,0,1,0,0,0,7500
0,1,0,0,0,0,0,0,0,0,0,0,1,1871
1,0,1,0,0,0,0,0,0,0,0,0,1,1748
1,0,0,0,0,0,0,0,0,0,0,0,1,9735
0,0,0,0,0,1,0,0,0,0,0,0,0,7364
0,0,0,1,0,0,0,1,0,0,1,0,0,1018
0,1,0,1,0,0,0,0,0,0,0,0,0,849
0,1,1,0,0,0,0,0,0,0,0,1,0,1898
1,0,1,0,0,0,0,0,0,0,0,0,1,9485
1,0,0,0,0,0,0,0,0,1,0,0,1,3491
0,0,0,0,0,0,1,0,0,0,0,0,1,4982
0,0,0,0,1,1,0,0,0,0,0,0,0,8517
0,0,0,0,1,0,0,0,1,0,0,0,1,9746
0,0,0,0,0,0,0,1,0,1,0,0,0,5593
0,0,0,0,0,1,1,0,0,1,0,0,0,9003
1,0,0,0,0,1,0,1,0,1,1,0,0,4199
0,0,0,0,0,0,0,0,1,0,0,0,0,5048
0,0,1,0,0,1,0,0,0,0,0,0,0,8582
0,0,0,0,0,0,1,1,0,1,0,0,0,115
0,0,1,0,0,1,1,0,0,0,0,0,0,480
0,0,0,0,0,0,0,0,0,0,0,0,1,2301
1,0,0,0,0,1,0,0,0,0,0,0,0,871
0,0,0,1,0,0,0,0,0,0,1,0,0,5958
0,0,0,1,0,0,0,1,1,0,0,0,0,1720
0,0,0,0,0,1,0,0,0,0,0,0,0,3275
0,0,0,0,0,1,0,0,1,0,0,0,1,6122
0,0,0,1,0,0,0,0,0,0,0,0,1,5327
0,1,0,0,0,1,0,0,1,1,0,0,0,7536
0,0,1,0,0,0,0,0,0,0,1,0,1,6633
0,0,0,0,1,0,0,1,1,0,0,0,0,2031
0,0,0,0,0,0,0,1,0,0,1,1,0,5867
1,0,0,1,0,0,0,0,0,0,0,0,0,6540
0,0,0,0,0,0,0,1,0,0,1,0,0,8834
0,0,1,0,0,1,0,0,0,0,0,1,0,958
0,0,0,1,0,0,0,0,0,0,1,0,0,7984
0,0,0,0,0,1,1,0,0,0,0,0,0,4843
1,0,0,0,0,0,0,0,1,0,0,0,1,5551
1,0,1,1,0,1,0,1,0,0,1,0,0,7487
1,0,0,0,1,0,0,0,0,0,0,0,0,775
0,0,1,0,0,1,0,0,0,1,0,0,0,9546
0,0,0,1,0,0,0,0,0,0,0,0,0,1828
1,0,1,0,0,0,0,0,0,0,0,0,0,8346
0,0,0,1,1,0,0,0,0,0,1,0,0,8115
0,1,0,0,0,0,0,0,0,0,0,0,0,4543
0,0,0,0,0,0,0,1,0,0,0,0,1,4482
0,0,0,0,0,0,0,0,0,1,0,0,0,9627
0,0,1,0,0,0,0,1,0,0,0,0,0,589
0,0,0,0,0,0,0,0,1,1,0,0,0,379
0,0,0,0,0,0,0,1,0,1,0,0,0,6045
0,0,0,1,0,0,0,0,0,1,0,0,0,447
0,0,0,0,0,0,0,1,0,0,0,0,0,7859
0,0,0,0,0,1,0,0,1,0,0,1,0,3906
1,1,0,0,1,0,0,0,1,0,1,0,0,5632
1,0,0,0,0,0,0,0,1,0,0,1,0,425
0,0,0,1,0,0,0,0,1,0,1,0,0,1460
1,1,0,0,1,1,0,0,0,0,0,0,1,167
0,1,0,0,1,0,0,0,0,0,0,0,0,844
0,1,0,0,0,1,0,0,0,0,0,0,0,1558
0,0,1,0,0,0,0,0,0,0,0,0,0,6321
0,0,0,0,0,0,0,0,0,0,0,0,1,1904
1,0,0,0,1,0,0,0,0,0,0,0,0,8477
0,0,0,1,1,1,0,0,0,0,0,1,0,733
0,0,0,0,0,1,0,0,0,0,1,0,0,3133
0,0,0,0,0,0,1,0,1,0,0,0,1,7780
0,1,0,0,1,1,0,0,0,0,0,0,1,9556
0,0,1,0,0,0,0,1,0,1,0,0,1,3607
0,1,1,0,0,0,1,0,0,0,1,0,0,4412
1,1,0,0,1,0,0,0,0,0,0,0,1,7422
0,0,0,0,0,0,0,1,0,0,0,0,1,4359
0,0,1,0,0,0,1,0,1,0,0,0,0,4397
0,0,0,1,0,0,0,0,1,0,1,0,0,1422
0,0,0,0,0,0,0,1,0,0,0,0,0,9451
0,1,0,0,0,0,0,0,0,1,0,0,0,4043
0,0,0,1,0,0,0,0,0,0,1,1,0,9816
0,0,0,0,0,0,0,0,0,0,1,0,0,5884
0,0,0,1,0,0,0,0,0,0,1,0,0,5451
1,0,0,0,0,1,1,0,0,0,0,0,0,1959
0,1,0,0,0,0,1,1,0,0,0,0,0,1326
0,0,0,0,0,0,0,0,0,0,0,0,1,9055
0,0,0,0,0,0,0,0,0,0,0,1,0,8674
0,0,0,0,1,0,1,1,0,0,0,0,0,5738
0,0,1,0,0,0,0,0,1,0,0,0,0,6842
0,0,1,0,0,0,0,1,0,1,0,0,0,4223
0,0,0,0,0,0,0,0,0,1,0,0,1,5967
0,0,0,1,1,0,1,0,0,0,0,0,1,9097
0,1,0,0,0,0,0,0,0,0,0,0,0,5985
0,0,1,0,0,0,0,0,0,0,0,1,0,127
1,0,0,0,1,0,0,0,0,1,0,0,1,3515
1,0,0,0,1,0,0,0,0,0,0,0,0,9781
1,0,0,0,0,0,0,0,0,0,1,0,0,1783
1,0,0,1,0,0,0,0,1,0,0,0,0,9560
0,1,0,1,1,0,0,0,0,0,0,0,1,2619
0,1,1,0,0,1,0,0,0,0,0,1,1,502
0,0,0,0,0,0,0,0,1,0,1,0,0,4974
0,1,0,0,1,1,1,0,0,0,0,0,0,6178
0,1,0,0,0,1,0,0,1,0,0,0,0,8335
0,0,1,0,1,0,0,0,0,0,0,1,0,2124
0,0,0,1,0,0,0,0,0,0,0,0,0,2756
0,0,0,0,0,0,1,0,0,0,0,0,0,4865
0,1,0,0,0,0,0,0,0,0,0,0,1,3833
0,0,0,0,0,1,0,1,0,0,0,1,0,8810
0,1,0,0,1,0,0,0,0,0,0,0,1,2562
0,0,1,1,0,0,0,1,1,0,0,0,0,8129
1,0,0,1,0,0,0,0,1,0,0,1,0,604
1,0,0,0,0,1,0,0,0,0,0,0,0,5685
1,1,0,1,1,0,1,0,0,0,0,0,0,9345
0,0,0,0,1,0,0,0,0,0,0,0,0,808
1,0,0,0,0,0,0,0,1,0,0,1,0,7273
0,0,0,0,1,0,0,0,0,0,0,1,0,9587
0,1,0,0,0,0,0,0,0,0,0,0,0,9238
0,0,1,0,0,0,0,0,1,0,0,0,0,1554
0,0,0,0,0,0,0,0,1,0,0,0,0,1416
0,1,0,0,1,0,1,0,0,0,0,0,0,254
1,0,0,0,1,0,0,0,1,0,1,0,0,2059
0,0,1,1,0,0,0,0,0,0,0,0,0,9943
1,1,1,0,0,0,0,0,0,0,0,0,0,3655
0,0,0,0,0,0,0,0,1,0,1,0,0,1271
1,0,0,0,0,0,1,0,0,1,0,0,1,5875
0,0,0,0,0,0,0,0,0,1,1,1,0,4385
0,0,0,0,0,1,0,0,0,0,0,0,0,8675
0,0,0,0,0,0,0,0,1,0,0,0,0,3230
1,0,0,0,0,1,0,0,1,0,0,0,0,2129
0,0,0,1,0,0,0,0,0,0,0,0,1,7749
1,0,0,0,0,1,0,0,0,1,0,0,0,6421
0,1,1,0,0,0,0,0,0,0,0,1,0,1399
0,0,0,1,0,1,0,0,0,0,0,0,0,3093
0,0,0,0,1,0,0,0,0,0,1,1,1,3541
0,0,1,0,0,0,1,0,0,0,0,0,0,3708
0,0,1,0,0,0,0,0,0,0,0,0,0,2423
0,0,0,1,1,1,0,0,0,1,1,0,0,1049
1,0,0,0,0,0,0,0,0,0,0,1,1,3245
1,0,1,0,0,1,0,0,0,0,0,1,0,6801
0,0,0,0,0,0,0,0,0,0,0,1,0,5874
0,0,0,0,0,0,0,0,1,0,0,0,0,6393
0,0,0,0,0,1,0,0,0,0,0,0,1,869
0,0,0,0,1,0,0,1,0,0,0,0,1,6234
0,0,0,0,0,0,0,0,0,0,0,1,1,605
0,1,0,0,0,0,0,0,0,0,0,0,0,5558
0,0,0,0,0,0,0,0,0,1,0,0,1,6060
0,0,0,0,0,1,0,0,0,0,0,0,1,5873
0,0,0,1,0,0,0,1,0,1,1,0,0,4986
0,0,1,1,0,0,0,0,0,1,1,1,0,5902
0,0,0,0,0,0,0,0,0,1,1,0,0,2851
0,0,0,1,0,1,0,0,0,0,0,0,0,5269
0,0,1,0,0,1,0,0,0,0,1,0,0,5349
1,0,0,0,0,1,0,0,0,0,0,0,0,2957
0,0,0,0,0,0,1,0,0,0,0,0,0,7523
1,0,0,0,1,0,1,0,0,1,0,0,0,7945
1,0,0,0,0,0,1,0,1,0,0,1,0,3830
1,0,1,0,0,0,1,0,0,1,1,0,0,2488
0,1,0,0,0,0,0,0,1,0,0,0,0,2777
0,1,0,0,0,0,0,0,1,0,0,0,0,6089
0,0,0,1,0,0,0,0,1,0,1,0,0,8333
0,0,0,0,0,0,0,0,0,1,0,0,1,1812
0,0,0,0,1,0,0,1,0,0,0,0,0,5886
1,0,1,0,0,0,0,0,0,1,0,0,0,253
1,0,0,0,0,0,0,0,0,0,1,0,0,9810
1,0,1,0,1,0,0,0,0,0,0,0,0,7625
1,0,0,0,0,1,1,0,0,0,0,0,0,861
0,1,1,0,0,0,0,0,0,0,0,0,0,6899
0,1,0,0,0,0,0,0,0,1,0,0,0,3361
1,0,0,0,0,0,1,0,0,0,0,0,0,2761
0,0,0,0,0,0,0,0,1,1,0,0,0,7001
0,0,0,0,0,0,0,1,0,0,0,0,0,7575
0,0,1,0,0,1,1,0,0,0,0,0,0,6692
0,0,0,0,0,0,0,0,0,0,0,0,1,6124
0,0,1,0,0,1,0,0,0,0,0,0,0,7417
0,0,1,1,0,0,0,0,0,0,0,0,0,4140
1,0,1,0,0,0,0,0,0,0,0,1,0,1698
0,0,0,0,0,0,0,0,0,0,1,0,1,4156
1,0,1,0,1,1,0,0,0,0,1,0,0,4175
1,0,0,0,0,1,0,0,0,0,1,0,0,9768
0,0,0,0,0,0,1,1,0,0,0,0,1,5715
0,0,1,0,0,0,0,0,0,0,0,0,0,4100
0,0,0,0,0,0,0,1,0,1,0,0,0,4204
0,0,0,0,0,0,0,1,0,0,0,1,1,6919
1,0,1,0,0,0,0,0,0,0,0,0,0,8428
0,0,1,0,1,0,0,0,0,0,1,0,1,1294
0,0,0,0,0,0,0,0,1,0,0,0,0,8405
0,1,0,0,1,0,0,0,0,0,0,0,0,2021
0,0,1,0,0,0,1,0,0,0,0,0,1,5840
0,1,1,0,1,0,0,0,0,0,1,0,0,1893
0,0,0,0,0,0,0,0,0,0,0,1,1,7152
0,0,0,0,0,1,0,0,0,0,0,0,0,8567
0,1,0,0,0,1,0,0,0,0,0,0,1,7870
0,0,1,0,0,1,0,0,0,0,0,1,0,2065
0,1,0,0,0,0,0,0,0,0,0,0,0,1473
0,0,1,0,0,1,0,0,1,0,0,0,0,8228
1,0,0,1,0,0,0,1,1,0,0,0,0,9748
0,0,0,1,0,0,0,0,0,1,0,0,0,2978
1,1,0,0,1,1,0,1,0,0,0,0,1,4803
0,0,1,0,1,0,0,0,0,0,0,1,0,2453
0,1,0,0,0,0,0,1,0,0,1,0,0,2192
1,0,0,0,0,0,0,0,1,0,0,0,0,3287
0,0,1,0,0,0,1,0,0,0,0,0,0,6384
0,0,0,0,0,0,1,0,0,0,0,0,0,6694
0,0,0,1,0,0,0,0,0,0,0,1,0,5687
0,0,0,0,0,1,1,0,0,0,0,1,0,7288
0,0,0,0,0,0,1,0,0,0,0,0,0,5521
0,1,0,1,0,1,0,0,0,0,0,0,0,3951
0,1,0,0,0,0,0,0,0,0,0,0,0,6212
0,0,1,0,0,0,0,0,0,0,0,0,0,8730
1,0,0,0,0,1,0,0,0,1,0,0,0,9270
0,0,0,0,0,0,0,0,0,0,0,1,1,4049
0,0,0,1,0,0,0,0,0,0,1,0,0,2106
0,0,0,0,0,0,0,1,0,0,1,0,0,7260
0,0,0,0,0,0,0,0,0,1,0,0,0,549
0,1,0,0,0,1,0,0,0,0,0,1,0,8463
0,1,0,0,0,0,0,1,0,0,1,1,1,5555
1,1,0,0,0,1,1,0,0,0,0,0,0,7351
0,0,0,0,0,0,1,0,0,0,0,0,0,9996
0,0,0,1,0,0,0,0,0,0,0,1,0,8074
0,0,0,0,1,0,0,0,0,0,0,0,0,3786
0,0,0,0,0,0,0,1,1,0,0,0,0,7307
0,1,0,0,1,0,0,0,0,0,0,0,0,8099
0,0,1,1,0,0,1,0,0,0,1,0,1,4842
0,0,0,0,0,0,0,1,0,0,0,1,0,1512
0,0,1,0,0,0,0,0,0,0,1,0,0,1409
0,0,0,0,0,0,0,0,0,0,0,0,1,2072
0,0,0,1,0,0,0,0,1,1,0,0,0,5340
0,0,0,0,0,0,1,0,0,1,0,0,0,6322
0,0,1,0,1,0,0,0,0,0,0,0,0,1107
1,0,1,0,0,0,0,1,1,0,0,0,0,4710
0,0,0,0,0,0,0,0,1,0,0,1,0,1703
0,1,0,0,0,1,1,0,0,0,1,0,0,925
0,0,0,0,0,0,1,0,0,0,1,0,1,2501
0,0,0,0,0,1,0,0,0,1,1,0,0,5689
0,0,1,0,1,0,1,0,0,0,0,0,0,5430
1,1,0,0,0,0,1,0,0,0,0,0,0,534
0,0,0,0,0,0,0,1,0,0,0,0,1,8052
0,0,0,0,0,0,1,0,0,0,0,0,1,9932
0,1,1,0,1,0,0,0,1,0,1,1,0,2921
0,1,1,1,0,0,0,0,0,0,0,0,0,7321
0,1,0,0,0,1,0,0,0,0,1,0,0,577
0,0,0,0,0,0,0,0,0,0,0,1,0,87
0,0,0,0,0,1,0,0,0,0,1,0,0,8489
0,0,0,0,0,0,0,0,1,0,0,0,0,410
1,0,0,0,0,0,0,0,0,1,0,0,0,9707
0,0,0,1,0,0,0,0,0,1,0,1,0,5200
0,0,1,0,0,0,0,0,0,1,0,0,0,6118
1,1,0,0,0,0,0,0,0,0,1,0,1,7252
0,0,0,1,0,0,0,0,0,0,0,1,0,7552
0,0,0,1,0,1,0,0,0,0,0,0,0,8153
1,0,0,0,0,0,0,1,0,0,0,0,0,4539
0,1,0,0,0,0,0,0,0,0,0,0,0,7004
1,0,1,0,0,0,1,0,0,1,0,0,0,6520
0,0,0,0,0,0,0,0,0,0,1,0,0,4958
1,0,0,1,0,0,0,0,0,0,0,0,0,8569
0,0,0,0,1,0,0,1,0,0,0,0,0,440
0,0,0,1,0,0,0,0,0,1,0,0,0,7440
0,0,0,0,0,0,0,1,0,0,0,0,0,2997
1,0,0,0,1,0,0,1,0,0,0,1,0,8451
0,1,0,1,0,0,0,0,0,0,1,0,0,9019
0,1,0,0,0,1,0,1,0,0,0,0,0,4192
0,0,1,0,1,0,0,0,0,0,0,1,0,1541
1,1,0,0,0,1,0,1,0,0,0,0,0,5739
0,1,0,0,0,0,0,0,0,0,0,0,0,6189
1,0,1,0,0,1,0,0,0,0,0,0,1,228
0,0,0,1,0,0,0,0,1,0,0,1,0,7256
0,0,0,0,0,0,0,0,0,0,1,0,0,8643
1,0,0,0,1,0,0,0,0,1,0,1,0,6658
0,0,0,1,0,0,0,0,0,0,1,0,1,1053
1,0,0,0,0,1,0,0,0,0,0,0,0,5252
1,0,0,0,0,0,0,0,1,0,1,1,0,8583
0,0,0,0,1,1,0,0,0,0,0,0,0,388
1,0,0,0,1,0,0,0,0,0,0,0,1,5767
0,0,0,0,0,0,0,0,0,0,0,0,1,4062
0,0,0,0,1,0,0,0,0,0,0,1,0,781
0,0,1,0,0,0,0,0,0,0,0,0,0,1901
0,0,0,0,1,0,0,1,0,0,0,0,0,1044
0,0,1,1,0,0,0,0,0,0,0,0,0,9027
1,1,0,1,0,1,0,0,0,0,0,0,0,5041
0,0,0,1,0,0,0,0,1,0,0,0,1,8292
0,0,0,0,0,0,0,0,0,1,0,0,0,8302
0,1,0,0,0,1,0,0,1,0,0,0,0,258
0,0,0,1,0,0,0,0,0,0,0,0,0,9370
0,0,0,1,0,0,0,0,1,0,0,1,1,6063
0,0,1,1,0,0,1,0,0,0,0,1,0,7966
0,0,0,0,0,0,1,0,0,0,0,0,0,4696
1,0,0,0,0,0,1,0,0,0,0,0,0,7299
0,1,0,0,0,0,0,0,0,0,0,0,0,6428
0,1,0,0,0,0,0,0,0,0,0,0,1,3904
0,0,1,0,0,0,0,0,1,0,0,1,0,4934
0,0,1,0,0,0,0,0,1,0,0,0,0,76
0,0,1,0,0,0,0,0,0,0,0,0,0,4437
1,0,0,0,0,0,0,0,0,0,0,0,0,1740
0,0,0,0,1,0,0,1,0,0,0,0,1,4538
0,1,0,0,0,0,0,1,0,0,0,0,0,5149
1,0,0,0,1,0,0,0,0,0,1,0,0,9827
0,0,1,1,0,0,0,0,0,0,0,0,0,4254
0,0,0,0,0,0,0,1,0,0,1,1,1,9079
1,1,0,1,0,0,0,0,0,0,0,1,0,802
0,0,0,1,0,0,0,0,1,0,0,0,0,7251
0,0,1,0,0,0,0,1,0,0,1,0,0,6784
0,0,0,0,0,0,0,0,0,0,0,0,1,1864
0,0,0,0,0,0,1,0,0,0,0,0,0,1853
0,0,1,0,0,0,0,0,1,0,0,0,1,4898
0,1,0,0,0,1,0,1,0,0,1,0,0,7678
1,0,1,0,0,1,0,0,0,0,0,1,1,9525
0,0,0,1,0,0,0,0,1,1,0,0,0,7525
0,0,1,0,0,0,0,0,0,0,0,0,1,4954
0,0,0,0,0,0,0,0,1,0,0,0,0,285
0,1,0,0,0,0,0,1,0,1,0,0,0,7566
0,0,0,0,0,0,1,0,0,0,0,0,0,1
0,0,0,0,0,0,0,1,0,0,1,0,0,342
0,0,0,1,0,0,0,0,0,0,1,0,0,1890
0,0,0,0,0,0,0,0,0,1,0,0,0,7406
0,0,0,1,0,0,0,0,0,0,0,0,0,9319
0,0,0,0,1,0,0,0,0,0,0,0,1,9335
0,0,0,0,0,0,0,1,0,0,0,0,0,8703
0,0,0,0,0,0,0,0,0,1,0,0,0,6343
0,0,1,0,1,0,0,0,0,0,0,0,0,2391
0,0,0,0,0,0,0,0,0,1,0,0,1,4047
1,0,0,0,0,0,0,0,0,0,0,0,0,5861
0,1,0,0,1,0,0,0,0,0,1,0,0,8813
0,0,0,0,0,0,0,0,0,1,0,0,0,4407
0,0,0,0,0,0,0,0,0,1,0,0,0,7708
0,0,0,0,1,0,0,0,0,0,0,0,0,4526
0,0,0,1,0,0,0,0,0,0,0,0,0,9836
1,0,0,0,0,1,0,1,1,0,0,0,0,5163
0,0,0,1,0,0,1,0,0,0,0,0,1,2637
0,1,0,0,1,0,0,0,0,0,0,1,0,5723
0,0,0,0,1,0,0,0,0,0,1,0,0,188
0,0,0,0,1,0,0,0,0,0,0,0,0,625
0,0,0,0,1,1,1,0,1,0,0,0,1,7211
0,0,0,0,1,0,0,0,0,0,0,0,0,9742
0,0,0,0,1,0,0,1,0,0,1,0,0,9970
0,0,0,0,0,0,0,0,0,1,0,1,0,9354
0,0,0,1,1,0,0,0,0,1,0,0,0,2193
0,1,0,0,0,0,0,0,0,0,1,0,0,3259
0,1,0,1,0,0,0,0,0,0,0,0,0,5301
0,0,0,0,0,0,0,0,0,1,0,0,0,5121
0,0,1,0,0,1,0,0,1,0,1,0,0,6035
0,0,0,1,0,0,0,0,0,0,0,1,0,1495
0,0,0,0,0,0,0,0,0,0,1,0,0,5434
1,0,0,0,0,0,1,0,0,0,0,0,0,5499
0,0,0,0,0,0,0,0,0,0,0,0,1,4589
0,0,0,0,0,0,0,0,0,0,1,0,0,6154
0,0,1,1,1,1,0,0,0,0,0,0,0,3247
0,0,1,1,1,0,0,0,0,0,0,0,0,1324
0,0,0,0,0,1,0,0,0,0,1,0,0,2568
0,0,0,0,0,1,1,0,0,0,0,0,0,6495
0,0,0,1,1,0,0,0,0,0,0,1,0,9686
1,0,0,0,1,0,0,0,0,0,1,0,0,6964
0,0,1,0,0,0,0,0,0,0,0,0,1,2644
0,0,0,0,1,0,1,0,0,0,0,0,0,6193
0,0,0,0,1,0,1,1,1,0,0,0,0,1725
0,1,1,0,0,0,0,0,1,0,0,0,0,8710
0,0,0,0,1,0,1,0,0,0,0,0,1,2655
1,0,1,0,0,0,0,0,0,0,0,0,0,8047
0,0,1,0,0,0,0,0,1,0,0,0,0,3897
0,0,0,0,0,0,1,0,1,0,0,0,1,6716
1,0,0,0,0,1,0,0,1,1,0,0,0,7329
0,0,0,0,0,0,1,0,0,0,0,0,1,2740
0,0,0,1,0,0,0,0,0,0,0,0,0,760
0,0,0,0,1,0,0,0,1,0,0,0,0,5286
0,0,0,0,0,0,0,0,0,0,0,0,1,6759
0,0,0,0,0,1,0,0,0,0,0,0,0,1359
0,1,0,0,1,0,0,0,0,0,0,0,0,4207
1,0,0,1,0,1,1,0,0,0,0,0,0,4109
0,0,1,0,0,0,0,1,0,0,0,0,0,5059
1,0,0,0,1,0,0,0,1,0,0,0,0,6351
0,0,0,0,1,0,0,0,0,0,1,0,0,5397
1,0,0,0,1,0,0,0,0,0,0,0,0,1676
0,0,0,0,0,1,0,1,1,0,0,0,0,7212
1,0,0,0,0,0,0,0,1,0,0,1,0,4391
0,0,0,0,1,0,0,0,0,1,0,0,0,6997
0,0,0,1,1,1,0,1,0,0,0,0,1,6439
0,0,0,0,0,1,0,0,0,0,0,0,0,8890
0,0,0,0,0,1,0,0,0,0,1,0,0,8956
0,0,0,0,0,0,0,1,1,0,0,0,0,8193
0,0,0,0,0,0,0,0,0,0,1,1,0,2890
0,0,0,0,0,0,1,0,0,0,0,0,0,7642
0,0,0,0,0,0,0,1,0,0,0,0,0,6789
0,0,0,0,1,0,1,0,1,0,0,0,0,9826
0,0,0,0,0,0,0,0,0,0,1,0,0,1913
1,0,1,0,0,0,0,0,0,0,0,0,0,6067
0,0,0,0,0,0,0,0,1,0,0,1,0,1251
1,0,1,0,0,0,0,0,0,0,0,0,0,8702
0,1,0,0,1,1,0,1,0,0,1,0,0,8195
0,0,0,1,0,0,0,1,0,0,0,0,0,1557
0,0,0,0,0,0,1,0,0,1,0,0,0,8103
1,0,0,0,0,0,0,1,0,0,0,1,0,5828
0,1,0,0,1,1,0,1,0,0,0,0,0,2914
0,0,0,0,0,0,0,0,0,0,0,1,1,9662
0,0,0,0,0,0,1,0,0,0,0,0,0,2251
0,1,0,0,0,0,0,0,0,0,1,1,0,8155
0,1,0,1,1,0,1,0,0,0,1,0,1,9035
1,0,0,0,0,0,0,0,0,0,1,0,0,7926
1,0,0,0,0,0,0,1,0,0,0,0,0,954
0,0,0,0,0,1,0,0,1,0,0,0,0,9969
0,0,0,0,1,0,0,0,0,1,0,0,0,8750
0,0,1,0,0,0,0,0,0,0,1,0,0,8425
0,0,0,0,1,1,0,0,0,0,0,0,0,1804
0,1,0,0,1,0,1,0,0,0,0,1,0,4479
0,0,0,0,0,0,1,0,1,0,0,0,0,6835
0,0,1,1,0,0,0,1,0,0,0,0,0,8070
0,0,0,1,0,0,0,0,0,0,0,0,0,8364
0,0,1,0,0,0,0,0,1,0,0,0,0,7272
0,1,0,0,0,0,0,0,1,0,1,0,0,3598
0,1,0,0,0,1,0,0,0,0,0,0,0,8534
0,0,1,0,0,0,1,0,0,0,0,0,0,7933
1,0,0,0,0,0,0,0,1,1,1,0,1,3673
0,0,1,0,0,1,1,0,0,0,0,0,0,597
0,1,1,0,0,0,0,0,0,0,0,0,0,6551
0,0,0,0,0,0,0,0,0,0,0,1,0,4578
0,0,1,0,0,0,0,0,0,0,0,1,0,3137
0,1,0,0,0,0,0,1,0,0,0,0,1,4626
0,0,0,0,0,0,1,0,0,1,0,1,0,586
0,0,0,0,1,1,0,0,0,0,0,0,0,6780
0,0,0,0,0,0,1,0,0,0,0,0,0,3268
1,0,0,0,0,0,1,0,0,0,0,0,0,9765
1,0,1,0,0,1,0,0,0,0,0,0,0,8645
0,0,1,1,0,1,0,0,0,0,0,0,0,3715
0,0,0,0,0,0,0,0,0,0,1,0,0,2837
0,0,0,0,0,1,0,0,0,0,0,0,0,1517
0,1,0,0,0,1,0,1,0,0,0,0,0,2993
0,1,0,0,1,0,0,0,0,1,0,0,0,1546
1,0,0,0,0,0,0,1,0,1,0,0,1,3891
0,1,0,1,0,0,0,0,0,0,0,0,0,6130
0,0,0,1,0,0,0,0,0,1,0,0,0,5411
0,0,0,0,1,0,0,0,0,0,0,0,0,5022
0,0,0,0,0,0,0,1,0,0,0,0,1,7182
0,0,0,0,0,1,0,0,0,0,1,0,0,6213
1,0,0,0,1,0,0,0,0,0,0,0,0,6766
1,0,0,0,0,0,0,0,0,0,0,0,1,1176
0,0,0,1,0,1,0,0,0,0,0,1,0,6233
0,0,0,1,1,1,0,1,0,0,0,0,0,7477
0,0,1,0,0,0,0,0,0,0,0,1,0,196
0,0,0,0,1,0,0,0,0,1,0,0,0,7805
0,0,0,1,0,0,0,0,0,0,0,0,1,6237
1,0,1,0,1,0,0,0,1,0,0,0,0,3892
0,1,0,0,0,0,1,0,0,1,1,0,0,4664
0,0,0,0,0,0,0,0,0,1,0,0,1,475
0,0,0,0,0,1,0,0,0,1,0,0,0,8689
0,0,0,0,0,0,0,0,0,0,1,0,1,7531
1,0,0,0,1,1,0,0,0,0,0,0,1,4005
0,0,0,0,0,0,0,1,0,0,0,1,0,2892
0,0,0,0,0,0,0,1,0,0,0,0,1,3371
0,1,0,0,0,0,0,0,0,0,0,0,1,1781
0,0,0,0,0,1,0,1,0,0,0,0,0,8831
0,0,0,1,0,1,0,0,0,0,0,0,0,117
0,0,0,0,0,0,1,1,0,1,0,0,1,8053
0,0,1,0,1,0,0,0,0,1,0,0,0,7725
0,0,0,1,0,1,0,0,0,0,0,0,0,4197
0,0,0,0,1,1,0,0,0,0,0,0,0,7210
0,0,0,0,1,0,0,0,0,0,0,0,0,9123
0,0,0,0,0,0,0,0,0,1,0,0,0,4554
0,0,0,0,0,0,0,1,0,0,0,0,0,7153
1,0,0,0,0,0,0,0,1,1,0,0,0,3942
0,0,0,1,0,0,1,0,0,0,0,0,0,8255
0,0,0,0,0,0,0,0,0,0,1,1,0,9129
1,0,0,1,0,0,0,0,0,0,0,0,0,1810
1,0,0,0,0,1,0,1,0,1,0,0,0,3689
0,0,1,0,0,0,0,0,1,1,0,0,0,5184
0,0,1,0,0,0,0,0,0,0,0,0,0,2020
0,0,0,0,0,1,0,0,0,0,1,0,0,759
0,0,1,0,0,0,0,0,1,0,0,0,0,4260
1,0,0,0,0,0,0,0,0,0,0,0,0,1778
0,0,0,0,1,0,0,1,1,1,1,0,0,4581
0,0,0,0,1,0,0,0,0,0,1,1,0,8366
0,0,1,0,0,0,0,0,0,0,1,0,0,2478
1,0,0,0,0,0,0,0,0,0,1,0,0,7889
0,0,0,0,0,0,0,0,0,0,0,1,0,3105
0,0,1,1,0,0,0,0,0,0,0,0,1,6945
0,0,0,0,0,0,1,0,0,1,0,0,0,7939
0,0,0,0,1,1,0,1,0,0,0,0,0,5868
1,0,1,0,0,0,1,0,0,0,0,1,0,6731
1,0,0,0,1,1,0,0,0,0,0,1,0,6457
0,0,0,0,0,0,0,0,1,0,0,0,1,9639
0,0,0,0,0,0,0,0,0,1,0,0,0,1502
1,1,0,0,0,0,0,1,0,1,0,0,0,3909
1,0,0,0,0,0,0,0,0,0,1,0,0,2875
0,0,0,1,0,0,0,0,0,0,0,0,1,1761
0,0,0,1,0,0,0,0,0,0,0,0,0,3191
0,0,0,0,0,0,0,0,0,0,1,1,0,2816
0,0,0,0,0,1,0,0,0,0,1,0,0,3530
0,0,0,0,0,0,0,0,0,0,0,0,1,3484
1,0,0,0,0,0,0,0,0,0,0,0,0,275
0,0,0,0,0,0,0,0,1,0,0,0,0,7884
0,1,0,0,0,0,1,0,0,0,0,0,0,9376
0,0,0,0,0,0,0,0,0,1,0,0,0,5051
0,0,0,1,0,0,0,1,1,0,0,0,0,3388
0,0,1,0,1,0,0,1,0,0,0,0,0,8619
0,1,1,0,0,0,0,0,0,0,0,0,1,5445
1,0,0,0,1,0,0,0,1,0,0,0,0,453
0,0,0,0,0,0,0,0,0,1,1,1,0,4324
0,0,0,0,0,0,0,0,1,0,0,1,0,2044
1,0,0,0,0,0,0,1,0,0,0,0,0,1355
0,1,1,0,0,1,0,0,0,0,0,0,0,8322
0,0,0,0,0,0,0,0,1,0,0,0,0,6412
0,0,1,0,0,1,0,0,0,0,0,0,0,6397
0,0,1,0,0,0,0,0,0,0,0,0,0,4327
0,0,0,0,0,0,1,0,0,0,1,0,0,2870
0,0,0,0,0,1,0,0,0,0,1,0,0,4427
0,0,0,0,1,0,0,0,0,0,0,1,1,3669
0,1,0,0,0,0,0,1,1,0,0,0,0,1739
0,1,0,0,0,0,0,0,0,0,0,1,0,5881
0,1,0,1,0,0,0,0,0,0,0,0,0,5946
1,0,0,1,0,0,0,0,0,0,0,0,0,1822
0,0,0,0,0,0,0,1,0,0,0,0,0,6036
0,1,0,0,1,0,0,0,1,0,0,0,1,7085
0,0,0,1,0,0,0,1,0,0,0,0,1,9389
0,0,0,0,0,0,0,1,0,0,0,0,0,2372
1,0,1,0,1,1,0,0,1,0,0,0,0,7873
0,0,0,0,0,0,1,0,0,0,0,0,0,5018
0,0,0,0,0,1,0,0,0,0,0,0,0,4076
0,0,0,0,0,0,0,0,0,0,1,0,0,6090
0,0,0,0,0,1,0,0,0,0,1,0,0,1303
0,1,0,0,0,0,0,0,1,0,0,0,0,881
0,0,0,1,0,0,1,0,0,0,0,0,0,5937
0,0,0,0,0,0,0,0,0,0,1,1,0,1580
0,0,0,0,0,1,1,0,0,1,1,0,0,7834
0,0,0,0,0,0,1,0,0,0,0,0,0,5645
0,0,0,0,0,0,0,0,0,1,0,0,0,8726
0,1,0,0,0,0,0,0,1,1,1,0,0,7249
0,0,0,0,0,0,0,0,1,0,0,0,0,2173
0,1,1,0,0,0,1,0,0,0,0,0,0,3546
0,0,0,0,1,0,0,0,0,0,0,0,0,3637
0,0,0,0,1,0,1,1,0,1,1,1,0,54
0,0,1,0,0,0,0,1,0,0,1,0,0,2987
0,0,0,1,1,1,0,0,0,0,0,0,0,2646
1,0,0,0,0,0,0,0,0,0,0,0,0,521
0,0,0,0,0,0,0,0,0,1,0,0,0,4408
0,0,0,0,0,0,1,0,0,0,0,0,0,9994
0,0,0,0,0,0,0,0,0,1,0,0,0,5279
0,0,0,0,0,1,0,1,1,1,0,0,0,4744
0,0,0,1,0,0,0,0,0,0,0,0,1,1952
1,0,0,1,1,0,1,0,1,0,0,0,1,7559
0,0,0,0,1,0,0,0,0,0,0,0,1,8055
0,0,0,0,0,0,0,0,0,1,1,0,0,8016
0,1,0,0,0,0,0,0,1,0,0,0,0,8853
1,0,0,0,0,0,0,0,0,0,0,0,0,3561
1,0,0,0,1,0,0,0,0,0,0,0,0,1673
0,0,0,0,0,0,1,0,0,1,0,0,1,375
1,0,0,1,1,0,0,0,0,0,0,0,1,6710
0,0,0,0,0,1,0,0,1,0,0,0,0,3126
1,0,0,1,0,0,0,1,1,0,0,1,0,8059
0,0,0,0,0,0,0,0,0,0,1,0,1,8244
0,1,1,1,0,0,0,0,0,0,1,0,0,3009
0,0,0,0,0,0,1,0,0,0,0,1,0,8120
0,0,1,0,0,0,0,0,0,0,0,0,0,2427
1,0,0,0,0,1,0,1,0,0,0,0,0,7375
1,0,0,0,0,0,0,0,1,0,0,0,0,3010
0,0,0,0,0,0,0,0,0,1,0,0,0,2631
0,0,1,0,0,0,0,0,0,0,0,1,0,4510
0,0,0,0,0,0,0,0,0,0,1,0,0,9460
0,0,1,0,0,0,0,0,0,0,0,0,1,3769
0,0,0,0,0,0,0,0,1,0,0,0,0,8946
0,0,0,0,1,0,0,0,0,0,0,0,1,9434
1,0,0,0,0,0,1,1,0,0,0,1,0,1345
1,0,1,0,1,0,0,0,0,0,0,0,1,9187
0,1,0,0,0,0,0,0,0,0,0,0,0,4544
0,0,0,0,1,0,0,0,0,1,0,0,1,3160
0,0,0,0,0,0,0,1,0,1,0,0,0,703
0,0,0,0,1,1,0,0,0,0,0,0,1,5930
0,0,0,0,1,0,0,0,1,0,0,0,1,9352
0,0,0,0,1,0,0,0,0,1,0,0,0,571
0,0,0,0,0,0,0,1,0,0,0,0,0,5158
0,0,0,0,1,1,1,0,1,0,1,1,0,1826
0,0,0,0,0,0,1,1,1,1,0,0,0,4057
0,0,0,0,0,0,1,0,0,0,1,0,0,9
0,0,0,1,0,1,0,0,0,0,0,0,0,8759
0,0,1,0,1,0,0,0,0,0,0,1,1,6560
0,0,0,1,0,0,0,1,0,0,0,0,0,5144
0,0,0,0,0,0,0,0,0,1,0,0,1,7188
1,0,0,0,0,1,0,0,1,0,1,0,0,3858
1,0,0,0,1,0,0,0,0,0,0,1,0,7385
0,0,1,0,1,0,0,0,0,0,0,0,0,4747
0,0,0,0,0,1,1,0,0,0,0,0,1,2387
0,0,0,0,0,1,0,1,0,0,0,0,0,1641
0,0,0,0,0,1,0,1,0,0,0,0,0,6390
1,0,0,0,0,0,0,0,0,0,0,0,0,3644
0,0,0,0,0,0,0,1,0,0,0,0,0,5569
0,1,0,0,1,0,0,0,0,0,1,0,1,5387
0,0,0,0,1,1,0,0,0,0,1,0,0,4067
1,0,0,0,0,0,1,0,0,0,1,0,0,3335
1,0,0,0,0,0,0,0,1,0,0,0,0,6072
0,0,0,1,0,1,0,0,0,0,0,0,0,6629
0,0,0,0,0,0,0,1,0,0,0,0,0,2215
1,0,0,1,0,1,1,0,0,0,0,0,0,3276
0,0,0,0,0,0,0,0,1,1,0,0,0,7831
1,0,0,0,1,0,0,0,0,0,1,0,1,7820
0,0,1,0,1,0,0,0,0,0,0,0,0,8258
0,1,1,0,0,0,1,0,0,0,0,0,0,5635
0,0,0,0,0,0,0,0,0,0,0,1,0,5134
0,1,0,0,0,0,0,0,0,0,0,0,0,10000
0,0,0,1,0,0,0,0,1,0,0,1,1,3552
1,0,0,1,0,0,0,0,1,0,0,0,0,9246
0,1,0,0,1,0,1,0,1,0,0,0,0,1203
1,0,0,0,1,0,0,0,1,0,0,0,0,2535
0,0,0,0,0,0,1,1,0,0,0,0,0,6427
0,1,0,1,0,0,1,0,0,0,0,1,0,3901
0,0,0,1,0,0,0,0,0,1,0,1,1,1321
0,0,0,0,0,0,0,0,1,0,0,1,0,8556
0,0,1,0,0,0,0,0,0,0,1,0,0,4624
0,1,0,0,0,1,1,0,1,0,0,0,0,5525
0,1,0,0,1,0,0,0,0,0,0,0,1,3763
1,1,1,0,0,0,0,0,0,0,0,0,0,4955
0,0,0,1,0,0,0,0,0,0,0,0,0,7349
0,0,1,1,0,0,0,0,0,0,0,1,0,5470
0,0,0,0,0,0,0,0,0,1,0,1,1,4880
1,0,0,0,0,0,0,0,1,0,0,0,0,7327
0,0,0,0,0,0,0,1,0,0,0,0,0,5245
0,0,0,1,0,1,0,0,1,0,0,0,0,1644
0,0,0,0,0,0,0,0,1,0,0,0,0,4614
0,0,1,0,1,0,0,1,0,0,0,0,1,3023
0,0,0,0,0,1,0,0,0,0,0,0,1,8367
0,0,0,0,0,0,0,1,0,0,0,0,0,9300
0,0,0,1,1,1,0,0,0,0,1,0,0,3116
0,0,0,0,0,1,0,0,0,0,0,0,0,9479
0,0,1,0,0,1,0,0,0,1,0,0,0,8659
0,0,0,1,0,0,0,0,0,1,0,0,0,1824
0,0,1,0,0,1,1,0,0,0,0,1,0,5464
0,0,0,0,0,1,1,0,0,0,0,0,0,1942
0,0,0,1,0,0,0,0,0,0,1,0,0,212
0,0,0,0,1,0,0,0,0,0,0,0,1,3535
0,0,0,0,0,1,0,0,0,0,1,0,0,2674
0,0,0,0,0,0,0,0,1,0,1,0,1,3478
0,0,0,0,1,0,0,0,0,0,0,0,0,2017
0,0,0,1,0,0,0,0,0,0,0,0,0,9312
0,1,0,0,0,0,0,1,0,0,0,0,1,9233
0,0,0,0,0,0,0,0,0,0,0,1,0,6581
0,1,0,1,0,0,0,0,0,1,0,0,1,5097
1,0,1,0,0,0,0,0,0,0,0,0,0,4002
1,0,0,1,0,1,0,0,1,0,0,0,0,1452
0,0,0,0,0,1,0,0,0,0,0,0,0,5453
0,0,0,0,1,0,0,0,0,1,0,1,0,4821
0,0,1,0,0,1,1,0,1,0,0,0,0,3896
0,0,0,0,0,0,1,0,0,0,0,0,0,2983
0,0,0,1,0,0,0,0,0,0,0,1,0,4712
1,1,0,0,0,0,1,0,0,0,1,0,0,2741
0,1,0,0,0,0,0,1,1,0,0,0,0,443
1,0,0,0,0,0,0,1,0,0,0,0,0,5775
0,0,0,0,0,0,0,0,0,1,0,0,0,6648
0,0,1,0,0,0,0,0,0,0,0,1,0,5226
0,0,0,0,0,1,0,0,0,0,0,0,0,4835
0,0,0,0,0,0,1,0,0,0,1,0,0,798
0,0,1,0,0,0,0,0,0,0,0,1,0,8007
0,0,0,0,0,0,0,0,1,1,0,0,0,6173
0,0,0,0,0,0,0,1,0,0,0,0,0,6737
0,0,0,0,0,1,0,0,1,0,0,0,0,4458
0,0,0,0,0,1,1,0,0,0,0,0,0,6317
0,1,1,0,1,0,0,0,0,0,0,0,0,7254
0,0,1,0,1,0,0,0,0,0,1,0,0,3119
0,0,1,0,0,0,1,0,0,0,0,0,0,7359
1,0,0,0,1,0,0,0,0,1,0,0,0,2821
0,0,0,0,0,0,0,1,0,0,0,0,0,2804
0,0,0,0,0,0,0,0,0,1,1,0,0,1066
0,0,0,0,1,0,1,0,0,1,0,0,0,8478
0,0,0,0,0,0,0,0,1,1,0,0,0,68
0,0,0,0,1,1,1,0,0,0,0,0,0,7710
0,0,0,0,1,0,0,0,0,0,1,0,0,7028
0,0,0,0,0,0,0,0,1,0,1,1,0,9161
0,0,0,0,0,0,1,0,0,0,0,0,1,5571
0,0,0,1,0,0,0,0,0,0,1,0,0,4467
0,1,0,0,1,0,0,0,0,0,0,0,0,5386
0,0,0,1,0,0,1,0,0,0,0,0,0,9364
0,1,0,0,0,0,0,0,1,0,0,0,0,3472
0,0,0,0,1,0,0,0,0,1,0,0,0,516
0,0,0,0,0,1,0,0,0,0,0,1,0,43
0,0,0,0,1,1,0,0,1,0,0,0,0,5934
0,0,1,0,0,0,0,0,1,0,0,0,0,956
0,0,0,0,0,0,0,0,0,0,1,0,0,9247
0,0,0,0,0,0,1,1,0,0,1,0,0,2744
0,1,0,0,0,0,0,0,0,0,1,0,0,484
0,1,0,0,0,0,0,1,0,0,0,1,1,3995
0,0,0,1,0,0,0,0,0,0,0,0,0,9033
0,1,0,1,0,0,0,0,0,0,0,0,0,1099
1,1,0,0,1,0,1,0,0,0,0,0,0,4399
0,0,1,0,0,0,0,0,0,1,0,1,0,1965
1,1,0,0,1,0,0,0,0,0,0,0,0,5412
0,0,1,0,0,0,0,0,1,0,0,0,0,608
0,0,1,1,0,0,1,0,0,0,1,0,1,9494
0,0,0,0,0,0,0,0,0,1,0,1,1,7304
0,0,1,0,0,0,0,1,0,0,0,0,0,1940
0,1,0,0,0,0,0,1,0,1,0,0,0,8192
0,1,0,0,0,0,0,1,0,0,1,1,0,472
0,0,0,0,0,0,1,0,0,0,0,0,0,1960
1,0,1,1,0,0,1,1,0,0,0,0,0,7875
0,0,0,1,0,1,1,0,0,0,1,0,0,1535
1,1,0,0,0,0,0,0,0,0,0,1,0,8819
0,1,0,0,0,0,0,0,0,1,0,0,0,1658
0,0,0,0,1,0,1,0,0,1,0,0,0,8298
0,0,0,1,1,0,0,1,0,0,0,0,1,6968
1,0,0,0,0,1,0,0,0,0,1,0,1,3825
0,0,0,0,0,0,0,1,0,0,0,0,0,6352
0,0,0,0,1,1,0,0,0,0,0,0,1,1485
0,0,0,0,0,1,0,0,1,0,0,0,0,7474
0,0,0,1,0,0,1,0,1,0,0,0,0,885
0,0,0,0,0,0,0,0,0,1,0,0,0,4999
0,0,0,0,0,0,0,1,0,0,0,0,0,9203
0,0,0,0,0,0,0,0,0,0,1,0,0,4575
0,0,0,0,0,0,0,0,0,0,0,1,0,323
0,0,0,1,0,0,0,0,0,0,1,0,0,5972
0,0,0,0,0,0,0,1,0,0,0,1,0,9349
0,0,0,0,0,1,0,0,0,0,0,0,0,8991
0,0,0,0,0,0,0,0,0,0,0,1,1,5413
0,0,0,0,0,0,0,1,1,0,0,0,0,3079
0,0,0,0,0,0,0,0,0,0,1,0,0,2245
0,1,0,1,0,0,0,0,0,0,0,0,0,8836
0,0,0,0,1,0,0,1,1,0,1,0,0,9534
0,0,0,0,0,1,0,0,0,1,0,0,0,4447
0,0,0,0,1,0,0,0,0,1,1,0,0,7378
1,0,1,0,0,0,1,0,0,0,0,0,0,6638
1,0,1,0,0,1,1,0,0,0,0,0,0,7654
0,0,0,0,1,0,0,0,0,0,0,0,1,2512
1,1,0,0,0,0,0,0,0,0,0,0,1,5737
0,0,1,1,0,0,0,0,0,1,0,0,1,7161
0,0,0,0,0,1,0,0,0,0,0,1,1,4574
0,0,0,0,0,0,1,1,0,0,0,0,0,1454
1,0,0,0,0,0,0,1,0,1,0,0,0,3131
0,1,0,1,0,0,0,0,0,0,0,0,0,1308
0,0,1,0,0,0,0,0,0,1,0,0,0,1923
0,1,0,1,0,0,0,0,0,0,1,0,0,424
0,0,0,0,0,1,1,0,0,0,0,0,1,4507
0,0,1,0,0,0,0,0,0,0,0,0,0,5520
1,0,0,0,0,1,0,0,0,0,0,0,1,7659
1,1,0,0,0,0,0,0,0,0,0,0,0,7104
0,0,0,0,0,1,0,1,0,0,0,0,0,6601
0,0,0,0,1,0,1,0,0,1,0,0,0,7865
0,1,0,0,0,0,0,1,0,0,0,1,0,4045
0,0,0,0,0,0,0,0,1,0,0,0,0,5365
0,0,0,0,0,1,0,0,0,0,0,0,0,1329
0,1,1,0,0,0,0,0,0,1,0,0,0,1963
1,0,0,1,0,0,1,1,0,0,0,0,1,959
1,0,0,0,0,0,0,0,0,0,0,0,0,9770
0,1,0,1,0,0,0,0,0,0,0,0,1,5385
0,0,0,0,0,0,1,0,0,0,0,1,0,1608
0,0,0,0,0,0,0,0,0,0,0,1,0,1981
0,1,1,0,0,0,0,0,0,0,0,1,1,7057
1,0,0,1,0,0,0,0,0,1,1,0,0,367
1,0,0,0,0,1,0,1,0,0,0,0,1,2274
0,0,1,0,0,0,0,1,0,1,0,0,0,5747
0,0,1,1,0,0,0,0,0,0,0,0,0,9743
0,0,0,0,0,0,0,0,0,1,0,1,1,9949
0,0,0,0,0,0,0,0,0,0,1,0,0,4293
1,0,0,0,0,0,1,0,0,0,0,0,0,4237
0,1,0,0,0,0,0,0,0,0,0,0,0,9056
0,1,0,0,0,0,0,1,1,0,0,0,0,8804
1,0,0,0,1,0,0,0,0,0,0,0,1,7083
1,0,0,0,1,1,0,0,0,0,1,0,1,5110
0,0,0,0,0,0,1,0,0,0,0,0,1,9332
0,1,0,0,1,0,0,0,0,1,0,0,0,995
1,0,0,0,0,0,0,1,0,0,0,1,0,6535
0,0,0,0,0,0,0,0,0,1,0,0,0,6435
1,0,0,0,0,0,0,0,1,0,0,1,1,8112
0,0,0,1,0,0,0,1,1,0,0,0,0,2401
0,0,1,0,0,0,0,0,0,0,0,0,1,6243
0,0,0,0,0,0,0,0,0,1,0,0,1,9988
1,0,0,1,0,0,0,0,0,0,0,0,0,488
0,0,0,0,1,1,0,0,0,1,0,0,1,2408
0,1,0,0,1,0,0,0,1,0,0,0,0,5360
1,0,0,0,0,0,0,1,1,0,0,1,1,7717
0,0,1,1,1,0,0,0,0,1,0,0,0,2426
0,0,0,1,0,1,0,1,0,0,0,0,1,1726
0,1,0,0,0,0,1,0,1,1,0,0,0,8350
1,0,0,0,1,0,0,0,1,0,0,1,0,4808
1,0,0,0,0,0,1,0,0,0,0,0,0,6609
0,0,1,1,0,1,0,0,1,1,0,0,0,4370
0,0,1,1,0,0,1,0,0,0,0,0,0,5735
0,0,0,1,0,0,0,0,0,0,1,0,0,7602
0,0,0,0,0,1,0,0,0,0,0,0,0,5678
0,1,0,0,0,0,0,0,0,0,0,0,0,2152
0,0,0,1,0,0,0,0,0,0,0,0,0,5298
1,0,0,1,1,1,0,0,0,0,0,0,0,7827
0,1,1,0,0,0,0,0,0,0,0,0,0,6738
0,0,0,1,1,1,0,0,0,0,0,0,1,2621
0,0,0,0,0,0,0,0,0,1,0,1,0,7853
0,0,0,0,0,0,0,0,0,0,0,1,0,2952
0,0,0,0,0,0,0,0,0,0,1,0,0,2648
0,0,0,0,0,0,0,0,0,0,0,1,0,2820
0,0,0,0,1,0,1,0,1,0,0,0,0,3076
1,0,1,0,0,0,0,0,0,0,1,0,0,2548
0,0,0,0,1,1,0,0,0,0,0,0,0,8281
0,0,1,0,0,0,0,0,0,0,0,0,0,5502
0,0,0,0,0,0,0,1,0,0,0,0,0,4263
0,0,1,0,0,1,0,0,0,0,0,0,0,6006
0,0,1,1,0,1,1,0,0,1,0,1,0,1065
1,0,0,0,0,1,0,1,0,0,0,0,1,4296
0,0,0,0,0,1,0,0,1,0,0,0,0,7997
0,0,0,0,0,0,1,0,0,0,0,0,0,8325
0,0,0,1,1,0,0,0,0,0,0,0,0,7707
0,0,0,1,0,0,0,0,0,0,0,1,0,1662
1,0,0,1,0,0,0,0,0,1,1,0,0,4024
0,0,0,0,0,1,0,0,0,0,0,0,0,1252
0,0,0,0,0,0,1,0,0,0,0,0,0,607
1,1,0,0,0,0,0,0,0,1,0,0,0,3257
1,1,0,1,1,0,1,0,1,0,0,1,0,1821
0,0,0,0,0,1,1,0,0,0,0,0,0,8378
1,0,0,0,0,0,0,0,0,1,0,0,0,9645
0,0,1,0,1,0,0,0,0,1,0,0,0,9210
0,0,1,1,0,0,1,1,0,0,0,0,0,7424
0,1,0,1,1,1,0,0,0,0,0,0,0,2039
0,0,0,0,0,0,0,0,1,1,0,0,0,6041
0,0,0,0,0,0,0,0,0,0,0,1,0,902
0,1,0,0,0,0,0,1,1,0,0,0,0,7298
0,0,0,0,0,1,0,0,0,1,0,0,0,3145
0,0,0,0,0,0,0,0,0,0,0,0,1,5734
0,0,0,0,0,0,0,0,0,0,0,1,0,1865
0,1,1,0,0,0,0,0,0,0,0,0,0,4627
0,0,1,0,0,0,0,0,0,0,1,0,0,1360
1,0,0,0,1,0,0,1,0,0,0,1,0,5004
0,0,1,0,0,0,1,0,0,0,0,0,0,8537
0,0,1,0,0,0,0,0,0,0,0,0,0,9292
0,0,0,0,0,0,0,0,0,0,1,0,0,7577
0,1,0,0,0,0,0,0,0,0,0,0,0,9167
0,0,0,0,0,0,1,0,0,0,0,0,0,3937
1,0,0,0,0,1,0,0,0,0,0,0,1,9140
0,0,0,0,1,0,0,0,0,0,0,1,1,4658
0,1,0,0,0,1,0,0,1,0,0,0,1,7685
0,0,0,0,0,0,0,1,0,1,0,0,0,2603
0,0,0,0,0,1,0,1,1,1,0,0,1,8436
0,0,0,0,0,0,1,0,0,0,0,0,0,5166
1,0,1,0,0,0,0,0,0,0,0,0,0,5356
0,0,1,0,0,0,0,0,0,1,0,0,0,6935
0,1,0,1,0,1,1,0,0,1,0,0,1,5002
0,0,0,0,0,0,0,0,1,0,0,0,0,8729
1,0,0,0,0,0,0,0,0,0,0,0,0,7447
0,0,0,0,0,0,0,1,0,0,0,0,0,614
0,1,1,0,0,0,0,0,0,0,0,0,0,8787
0,0,0,0,0,1,0,0,0,0,1,0,0,3062
0,0,0,0,0,0,0,0,0,0,1,0,0,1199
1,0,1,1,0,0,0,1,0,1,1,0,0,9487
0,1,0,0,0,0,0,0,0,0,1,0,1,5468
0,0,0,0,0,0,0,1,1,0,0,1,0,4652
1,0,1,1,0,0,0,0,0,0,0,0,0,4416
0,1,0,0,0,0,1,0,0,0,1,0,0,405
0,0,1,0,0,0,0,0,1,0,0,0,0,5244
0,0,0,0,0,0,0,1,0,0,0,0,1,4524
0,0,0,0,0,0,0,0,0,0,1,0,0,6664
0,0,0,0,0,0,0,1,0,0,1,0,1,4580
0,0,0,0,0,0,0,0,0,1,0,0,0,6165
1,0,0,0,0,1,0,0,0,0,0,0,0,519
1,0,0,0,0,0,0,0,0,1,0,0,0,3114
1,0,0,0,0,1,0,0,0,1,0,0,0,9522
0,0,0,0,1,0,0,0,0,0,0,0,0,5471
0,0,0,0,0,0,0,0,0,0,0,0,1,5462
1,0,0,1,0,0,0,0,0,1,0,0,0,800
0,0,0,0,0,0,1,0,0,0,0,1,0,7221
0,0,1,1,1,0,0,1,0,0,0,0,0,3489
0,0,0,0,0,0,0,0,0,0,0,0,1,1685
0,0,0,0,0,0,1,0,0,0,0,0,1,7999
0,0,0,1,1,1,0,0,0,0,1,1,0,4920
0,1,0,0,0,0,1,0,0,0,0,0,1,263
1,0,0,0,0,0,0,0,1,0,1,1,0,4266
1,0,0,0,0,0,1,0,0,0,1,0,1,282
0,0,0,0,0,0,0,1,0,0,0,0,0,9709
1,0,0,0,0,0,0,1,0,0,0,0,1,1906
0,1,0,0,1,0,0,0,0,0,0,0,1,753
1,0,0,0,0,0,0,0,0,0,0,0,0,5823
0,1,1,0,0,0,0,0,0,0,0,0,0,2919
1,0,0,0,0,0,0,0,1,0,0,0,0,9482
0,0,1,0,0,0,0,0,0,0,0,1,0,7860
0,0,0,1,0,0,0,0,0,0,0,1,0,3851
0,0,0,0,0,1,1,0,1,0,0,0,0,7572
0,0,0,1,0,1,1,0,1,0,0,1,1,7089
0,0,0,1,0,1,0,0,0,1,0,1,0,8905
0,0,0,1,0,0,0,0,0,0,0,0,1,6318
0,0,0,1,1,0,1,0,0,1,0,0,0,7177
0,0,0,1,0,0,1,0,0,0,0,0,1,3795
0,0,1,0,0,0,0,0,1,0,0,0,0,7240
0,1,0,0,1,0,0,0,0,0,0,0,0,938
0,0,0,1,1,0,1,0,0,1,0,0,0,9302
0,0,1,0,0,0,0,1,0,0,0,0,0,1211
0,1,0,0,0,0,0,0,0,1,0,0,0,9706
1,0,0,0,0,1,0,0,0,0,0,0,0,2498
0,0,0,0,0,1,0,0,0,0,1,1,0,7107
0,0,1,0,0,0,1,0,0,0,0,0,0,4640
1,1,0,0,1,0,1,0,0,0,0,0,0,386
0,1,0,1,0,0,0,0,0,0,0,0,0,9126
0,0,0,1,1,0,1,0,0,1,1,0,0,6256
0,0,0,1,0,0,0,0,1,0,0,0,0,6554
0,0,0,0,0,1,0,1,0,0,0,0,0,8294
0,0,0,0,0,0,0,0,0,0,1,0,0,4995
0,1,1,0,0,0,0,0,0,0,0,0,0,5973
0,0,0,0,0,0,0,0,0,1,0,0,0,7817
0,0,0,1,0,0,1,0,0,0,0,0,1,5270
0,0,1,0,1,0,0,0,0,1,0,0,0,779
0,0,0,0,0,0,0,1,0,0,0,0,0,5920
0,1,0,0,0,0,0,1,0,0,0,0,0,7655
0,1,0,0,0,0,0,0,0,0,1,0,0,5696
0,1,0,0,0,0,0,0,0,0,1,0,0,4144
1,0,1,0,1,0,0,0,1,0,0,0,0,4899
0,0,0,0,0,1,1,0,0,1,0,1,0,2570
0,0,0,0,0,0,1,0,1,0,1,0,0,3548
0,0,0,0,0,0,0,0,1,1,0,0,0,5859
0,1,1,0,0,0,0,0,0,0,0,1,0,3330
0,0,0,1,0,0,0,0,0,0,0,0,0,29
1,0,0,0,0,0,0,0,0,0,0,0,0,461
0,0,0,0,0,0,1,0,0,0,0,0,0,8465
0,1,0,0,0,0,0,1,0,0,0,0,0,3693
0,0,1,0,0,1,0,0,0,0,0,0,0,3613
0,1,0,0,0,0,0,0,0,0,1,0,1,9418
1,0,0,0,0,0,0,0,0,0,0,0,0,4860
0,0,1,0,0,1,0,0,0,0,0,1,0,423
0,0,0,1,0,0,0,0,0,0,1,0,0,1031
0,0,1,1,0,1,0,0,0,1,0,0,1,6363
0,0,0,1,0,0,0,0,0,0,0,0,0,4334
1,0,0,1,0,0,1,1,0,0,1,0,1,3634
0,0,0,0,0,0,1,0,0,0,0,0,1,5913
1,0,0,1,0,0,0,0,0,0,1,0,0,4908
0,0,0,0,0,1,0,0,0,0,0,0,0,9964
0,0,1,0,1,0,0,0,0,0,1,0,0,9026
0,0,0,0,0,0,0,1,0,0,0,0,0,9726
0,0,0,0,0,0,0,1,1,0,0,0,0,2312
0,0,0,0,0,1,1,0,0,0,0,0,1,2254
0,0,0,0,0,0,0,1,0,0,0,0,0,6900
0,0,1,1,0,0,1,0,0,0,0,1,0,572
1,0,0,0,1,0,0,0,0,0,0,0,0,3469
0,0,0,0,1,0,0,0,1,0,0,0,0,3731
0,0,0,1,0,0,0,1,0,0,0,0,0,8388
0,0,1,1,0,0,1,0,0,0,0,0,1,255
1,1,0,0,0,1,0,0,0,0,1,0,1,4361
1,0,1,0,0,0,1,0,0,1,0,1,0,9114
0,0,0,0,0,0,0,0,0,1,0,0,1,1350
0,0,0,0,0,1,0,1,0,0,0,0,1,1954
0,0,0,0,0,0,0,0,0,0,1,1,1,4273
0,0,0,0,0,1,0,0,1,0,0,1,0,4271
1,0,0,0,0,0,0,0,1,0,1,0,1,8377
0,0,0,0,1,0,0,0,0,0,0,0,0,9405
0,1,0,0,1,0,0,0,0,0,0,0,0,6179
0,0,0,0,0,0,0,1,1,1,0,0,0,179
1,0,0,0,1,0,0,1,0,0,0,1,0,3661
0,1,0,0,0,0,1,0,1,0,0,0,0,3038
0,0,0,0,0,1,0,0,0,0,0,0,1,8607
0,0,0,1,0,0,0,0,0,0,0,0,0,7029
0,0,0,0,0,0,1,0,0,0,0,0,0,2841
0,0,0,0,0,1,1,1,0,0,0,0,0,1388
0,0,0,0,0,0,0,0,0,0,1,0,1,295
0,0,0,0,0,0,0,1,0,0,0,0,0,1505
0,1,0,0,0,0,1,0,0,0,1,0,0,7647
0,0,0,1,0,0,0,0,0,0,1,0,0,2210
0,0,0,0,0,0,0,0,1,1,0,0,1,5657
1,0,0,1,0,0,0,0,0,0,0,0,0,5129
0,0,0,0,0,0,0,0,1,0,1,0,1,9611
0,0,0,0,1,0,0,0,0,0,1,0,0,495
0,0,0,0,0,0,1,0,0,0,0,0,0,7930
0,0,0,0,0,1,0,1,0,1,0,0,0,6643
1,1,0,0,0,0,0,0,0,0,0,0,0,3125
0,1,0,0,0,0,0,0,0,0,0,0,1,8642
0,0,0,1,0,0,0,0,0,0,0,1,0,9642
0,0,0,0,1,0,0,0,0,0,0,0,0,6776
0,0,0,0,0,1,0,0,0,0,0,0,1,8581
0,0,1,1,0,0,0,0,0,0,0,0,1,5373
0,1,1,0,0,0,0,0,1,0,1,0,1,7677
0,1,0,0,0,0,0,0,0,1,0,0,0,9931
0,1,0,0,0,1,0,1,0,0,0,0,0,7929
0,0,0,0,1,0,0,0,0,0,0,0,0,1325
1,0,0,0,0,0,0,0,0,1,0,0,1,1427
1,0,0,0,1,0,0,0,0,0,0,1,0,3540
1,0,0,0,0,0,1,0,0,0,0,0,0,8013
1,1,0,0,0,0,1,0,0,0,0,0,0,6821
1,0,1,1,0,0,0,0,0,0,0,0,0,3643
1,0,0,1,0,0,0,0,0,0,0,0,0,5596
1,0,0,0,1,0,0,0,0,0,0,1,0,9609
0,0,0,0,0,0,0,1,0,0,0,1,0,1266
0,1,0,0,0,0,0,0,0,0,0,0,0,6331
1,0,0,0,1,0,0,0,0,0,1,0,0,7442
1,0,1,1,0,1,0,0,0,0,0,0,0,6112
0,0,0,0,0,0,1,0,0,0,0,0,0,7790
0,0,0,1,0,0,0,0,0,0,1,1,0,6150
1,1,0,0,1,0,0,0,0,0,0,0,0,6566
0,0,0,0,0,1,0,1,0,0,1,1,0,438
0,0,0,0,0,0,0,0,1,0,0,0,0,6038
0,0,1,0,0,0,1,1,0,0,0,0,0,1758
0,0,0,0,0,0,0,0,0,0,1,0,0,7660
1,0,0,0,0,0,0,0,0,0,0,0,0,8225
0,0,0,0,0,0,1,0,0,0,0,0,0,9265
1,0,0,0,1,1,1,0,0,0,0,0,0,5140
0,0,0,0,0,0,0,0,0,0,0,0,1,3082
0,0,0,0,1,0,0,0,0,0,0,0,0,544
0,0,0,0,1,0,0,0,0,0,0,0,0,8250
0,1,1,0,0,0,1,0,0,0,0,0,0,6365
0,1,0,0,0,0,0,0,0,0,0,0,0,9728
0,1,0,0,0,0,0,0,0,0,0,1,0,3181
0,1,0,0,0,0,0,0,1,0,0,0,0,913
0,0,0,1,0,1,0,1,0,0,0,0,0,9384
0,0,0,0,1,0,0,0,0,0,0,0,0,4450
0,0,0,0,1,0,0,0,0,0,1,0,0,7122
0,1,1,0,0,0,1,0,0,0,0,0,0,7169
0,0,0,0,0,0,0,0,1,0,0,0,0,2990
0,0,0,0,1,0,0,0,0,0,1,0,0,620
